BEGIN
EXECUTE IMMEDIATE 'DROP TABLE USER_ROLE CASCADE CONSTRAINTS';
EXCEPTION
WHEN OTHERS
THEN NULL;
END;
/

BEGIN
EXECUTE IMMEDIATE 'DROP TABLE USERS CASCADE CONSTRAINTS';
EXCEPTION
WHEN OTHERS
THEN NULL;
END;
/

BEGIN
EXECUTE IMMEDIATE 'DROP TABLE CONTACT';
EXCEPTION
WHEN OTHERS
THEN NULL;
END;
/

BEGIN
EXECUTE IMMEDIATE 'DROP TABLE ART_CATEGORY';
EXCEPTION
WHEN OTHERS
THEN NULL;
END;


BEGIN
EXECUTE IMMEDIATE 'DROP TABLE ARTWORK';
EXCEPTION
WHEN OTHERS
THEN NULL;
END;


BEGIN
EXECUTE IMMEDIATE 'DROP TABLE SHIPPER';
EXCEPTION
WHEN OTHERS
THEN NULL;
END;
/

BEGIN
EXECUTE IMMEDIATE 'DROP TABLE ONLINE_EXHIBITION';
EXCEPTION
WHEN OTHERS
THEN NULL;
END;
/
  
Create table USER_ROLE(
RoleID integer NOT NULL PRIMARY KEY,
RoleName varchar(10) NOT NULL
);

Create table USERS(
UserID integer NOT NULL PRIMARY KEY,
RoleID INTEGER NOT NULL,
FOREIGN KEY (RoleID)
REFERENCES USER_ROLE(RoleID),
EmailID varchar(45) NOT NULL,
UserName varchar(20) NOT NULL,
Password varchar(20) NOT NULL,
FirstName varchar(45) NOT NULL,
LastName varchar(45) NOT NULL,
Speciality varchar(20),
Nationality varchar(30));

Create table SHIPPER(
ShipperID integer NOT NULL PRIMARY KEY,
CompanyName varchar(45) NOT NULL,
ContactNumber varchar(10) NOT NULL,
EmailID varchar(45) NOT NULL
);

Create table ONLINE_EXHIBITION(
ExhibitionID integer NOT NULL PRIMARY KEY,
UserId integer REFERENCES USERS(UserId),
ExhibitionStartDateTime DATE NOT NULL,
ExhibitionEndDateTime DATE NOT NULL,
ExhibitionStatus varchar(10) NOT NULL
);
COMMIT;

truncate table USERS;
truncate table USER_ROLE;
truncate table SHIPPER;
truncate table ONLINE_EXHIBITION;

--truncate table USER_ROLE
insert into USER_ROLE values (1,'Admin');
insert into USER_ROLE values (2,'Artist');
insert into USER_ROLE values (3,'Customer');
COMMIT;

--truncate table USERS;
insert into USERS values (1,1,'artgalleryadmin@artgallery.com','admin','ArtLoverAdmin2023','Admin','Admin','','');           
insert into USERS values (2,2,'sillyartist@artgallery.com','solomon25','SillySal23','Solomon','Williams','Sculpture','Australian');
insert into USERS values (3,2,'caseym15@artgallery.com','caseycool','Paint66Love','Casey','Miller','Painting','German');
insert into USERS values (4,2,'antonio12@artgallery.com','joielepot','imperfect34Pot','Antonio','Conte','Pottery','Italian');
insert into USERS values (5,2,'adamcruz18@artgallery.com','adam18','Anime72Nation','Adam','Cruz','Digital','American');
insert into USERS values (6,3,'annie90miles@artgallery.com','annmiles','BitterSweetArt1990','Annie','Miles','','');
insert into USERS values (7,3,'maria27g@artgallery.com','maria27','ArtPopos55','Maria','Garcia','','');
insert into USERS values (8,3,'alexbrown@artgallery.com','alex22','BrownSugar22','Alexandar','Brown','','');
insert into USERS values (9,3,'eric1685@artgallery.com','eric16','Mission16travel','Eric','Hernandez','','');
insert into USERS values (10,3,'nancy1229@artgallery.com','nancy29','LordBlesseth92','Nancy','Kurian','','');
insert into USERS values (11,3,'vineeth.krishnan@artgallery.com','vinukrishnan','VinuK30mallu','Vineeth','Krishnan','','');
insert into USERS values (12,2,'thomas.shelby@artgallery.com','tomshelby','Coast23Love','Thomas','Shelby','Sketching','Scandinavian');
insert into USERS values (13,2,'cooper.sheldon@artgallery.com','sheldon7mo','MoLove8Shel','Sheldon','Cooper','Mosaic','Brazilian');
insert into USERS values (14,3,'hart.casie@artgallery.com','hart5ca','Belief1hart','Casie','hart','','');
insert into USERS values (15,3,'lock.simone@artgallery.com','lockesi85','Key2Locke','Simone','Locke','','');
insert into USERS values (16,2,'hardway.paige@artgallery.com','paigeway','Therasa4ever','Paige','Hardaway','Tapestry','Irish');
insert into USERS values (17,3,'dobrev.nina@artgallery.com','nina22dob','Sweet89Little','Nina','Dobrev','','');
insert into USERS values (18,2,'raja.zahid@artgallery.com','rajazahid','dragonlair69','Zahid','Raja','GlassArt','Moroccan');
insert into USERS values (19,3,'gerard.marcel@artgallery.com','gerardmarc','Pro27gerard','Marcel','Gerard','','');
insert into USERS values (20,2,'gardener.samuel@artgallery.com','gardenersam','Penguin4Sam','Samuel','Gardener','Sketching','American');
COMMIT;


insert into SHIPPER VALUES(1, 'FedEx Corp', '5857643569','fedex@gmail.com');
insert into SHIPPER VALUES(2, 'UPS Inc', '6788943251','usps@gmail.com');
insert into SHIPPER VALUES(3, 'XPO Logistics', '8007552728','trailerinfo@xpo.com');
insert into SHIPPER VALUES(4, 'J.B. Hunt Transport', '8665167305','360shippersupport@jbhunt.com');
insert into SHIPPER VALUES(5, 'Knight-Swift Transport', '8665167325','knightswift@gmail.com');
insert into SHIPPER VALUES(6, 'YRC Worldwide', '8006106500','yrc@gmail.com');
insert into SHIPPER VALUES(7, 'Schneider', '8006106511','schneider@gmail.com');
insert into SHIPPER VALUES(8, 'Landstar System', '8008729400','landstar@gmail.com');
insert into SHIPPER VALUES(9, 'Old Dominion Freight Line', '8008729412','global.compliance@odfl.com');
insert into SHIPPER VALUES(10, 'TFI International', '8008729413','tfi@gmail.com');
COMMIT;

insert into ONLINE_EXHIBITION VALUES(1, 2, TO_DATE('2023/05/03 14:02:44', 'yyyy/mm/ddhh24:mi:ss'),
TO_DATE('2023/05/06 14:02:44', 'yyyy/mm/ddhh24:mi:ss'),'Upcoming');
insert into ONLINE_EXHIBITION VALUES(2, 3, TO_DATE('2023/03/21 14:02:44', 'yyyy/mm/ddhh24:mi:ss'),
TO_DATE('2023/03/26 14:02:44', 'yyyy/mm/ddhh24:mi:ss'),'Active');
insert into ONLINE_EXHIBITION VALUES(3, 3, TO_DATE('2023/04/28 14:02:44', 'yyyy/mm/ddhh24:mi:ss'),
TO_DATE('2023/05/02 14:02:44', 'yyyy/mm/ddhh24:mi:ss'),'Upcoming');
insert into ONLINE_EXHIBITION VALUES(4, 2, TO_DATE('2023/03/20 14:02:44', 'yyyy/mm/ddhh24:mi:ss'),
TO_DATE('2023/04/05 14:02:44', 'yyyy/mm/ddhh24:mi:ss'),'Active');
insert into ONLINE_EXHIBITION VALUES(5, 4, TO_DATE('2023/05/20 14:02:44', 'yyyy/mm/ddhh24:mi:ss'),
TO_DATE('2023/05/25 14:02:44', 'yyyy/mm/ddhh24:mi:ss'),'Upcoming');
insert into ONLINE_EXHIBITION VALUES(6, 5, TO_DATE('2023/03/18 14:02:44', 'yyyy/mm/ddhh24:mi:ss'),
TO_DATE('2023/03/25 14:02:44', 'yyyy/mm/ddhh24:mi:ss'),'Active');
insert into ONLINE_EXHIBITION VALUES(7, 4, TO_DATE('2023/06/25 14:02:44', 'yyyy/mm/ddhh24:mi:ss'),
TO_DATE('2023/06/30 14:02:44', 'yyyy/mm/ddhh24:mi:ss'),'Upcoming');
insert into ONLINE_EXHIBITION VALUES(8, 5, TO_DATE('2023/05/04 14:02:44', 'yyyy/mm/ddhh24:mi:ss'),
TO_DATE('2023/05/08 14:02:44', 'yyyy/mm/ddhh24:mi:ss'),'Upcoming');
COMMIT;

Create table ART_CATEGORY(
ArtCategoryID integer NOT NULL  PRIMARY KEY,
ArtCategory varchar(45) NOT NULL,
);

Create table ARTWORK(
UserID integer NOT NULL,
ArtCategoryID integer NOT NULL,
ExhibitionID integer,
OrderItemsID integer NOT NULL,
Name varchar(45) NOT NULL,
Description varchar(80) NOT NULL,
Amount number NOT NULL,
Status varchar(45) NOT NULL,
ArtworkImage BLOB NOT NULL,
FOREIGN KEY (UserID) REFERENCES USERS (UserID),
FOREIGN KEY (ArtCategoryID) REFERENCES ART_CATEGORY (ArtCategoryID),
FOREIGN KEY (ExhibitionID) REFERENCES ONLINE_EXHIBITION (ExhibitionID),
FOREIGN KEY (OrderItemsID) REFERENCES ORDER_ITEMS (OrderItemsID),
);


